{
  "cWG85_XOthg": {
    "user_name": "Michal Mokrzycki",
    "user_url": "https://unsplash.com/@michmok?utm_source=unsample&utm_medium=referral&utm_campaign=api-credit",
    "photo_url": "https://unsplash.com/photos/cWG85_XOthg?utm_source=unsample&utm_medium=referral&utm_campaign=api-credit"
  },
  "FUiYHxrzmOY": {
    "user_name": "Thomas Habr",
    "user_url": "https://unsplash.com/@thomashabr?utm_source=unsample&utm_medium=referral&utm_campaign=api-credit",
    "photo_url": "https://unsplash.com/photos/FUiYHxrzmOY?utm_source=unsample&utm_medium=referral&utm_campaign=api-credit"
  },
  "k102QVrpitQ": {
    "user_name": "Jake Blucker",
    "user_url": "https://unsplash.com/@jakeblucker?utm_source=unsample&utm_medium=referral&utm_campaign=api-credit",
    "photo_url": "https://unsplash.com/photos/k102QVrpitQ?utm_source=unsample&utm_medium=referral&utm_campaign=api-credit"
  },
  "jBbmqIdfwCA": {
    "user_name": "Andrey Zvyagintsev",
    "user_url": "https://unsplash.com/@zvandrei?utm_source=unsample&utm_medium=referral&utm_campaign=api-credit",
    "photo_url": "https://unsplash.com/photos/jBbmqIdfwCA?utm_source=unsample&utm_medium=referral&utm_campaign=api-credit"
  },
  "NvyLVKW7vfk": {
    "user_name": "Mike Von",
    "user_url": "https://unsplash.com/@thevoncomplex?utm_source=unsample&utm_medium=referral&utm_campaign=api-credit",
    "photo_url": "https://unsplash.com/photos/NvyLVKW7vfk?utm_source=unsample&utm_medium=referral&utm_campaign=api-credit"
  },
  "JVAGEYIicHk": {
    "user_name": "Clay Banks",
    "user_url": "https://unsplash.com/@claybanks?utm_source=unsample&utm_medium=referral&utm_campaign=api-credit",
    "photo_url": "https://unsplash.com/photos/JVAGEYIicHk?utm_source=unsample&utm_medium=referral&utm_campaign=api-credit"
  },
  "xbOhd3nDDN0": {
    "user_name": "Vino Li",
    "user_url": "https://unsplash.com/@vinomamba24?utm_source=unsample&utm_medium=referral&utm_campaign=api-credit",
    "photo_url": "https://unsplash.com/photos/xbOhd3nDDN0?utm_source=unsample&utm_medium=referral&utm_campaign=api-credit"
  },
  "IjCESl6GrI4": {
    "user_name": "Leonardo Miranda",
    "user_url": "https://unsplash.com/@mirandanene?utm_source=unsample&utm_medium=referral&utm_campaign=api-credit",
    "photo_url": "https://unsplash.com/photos/IjCESl6GrI4?utm_source=unsample&utm_medium=referral&utm_campaign=api-credit"
  },
  "gkbATJzEQg8": {
    "user_name": "Lefteris kallergis",
    "user_url": "https://unsplash.com/@lefterisk?utm_source=unsample&utm_medium=referral&utm_campaign=api-credit",
    "photo_url": "https://unsplash.com/photos/gkbATJzEQg8?utm_source=unsample&utm_medium=referral&utm_campaign=api-credit"
  },
  "HPfNUwXuPO0": {
    "user_name": "Liam Martens",
    "user_url": "https://unsplash.com/@liammartens?utm_source=unsample&utm_medium=referral&utm_campaign=api-credit",
    "photo_url": "https://unsplash.com/photos/HPfNUwXuPO0?utm_source=unsample&utm_medium=referral&utm_campaign=api-credit"
  },
  "I7BDP_5WPqE": {
    "user_name": "Annie Marek-Barta",
    "user_url": "https://unsplash.com/@anniemarekbarta?utm_source=unsample&utm_medium=referral&utm_campaign=api-credit",
    "photo_url": "https://unsplash.com/photos/I7BDP_5WPqE?utm_source=unsample&utm_medium=referral&utm_campaign=api-credit"
  },
  "4RA208Zh5Cg": {
    "user_name": "Jadon Calvert",
    "user_url": "https://unsplash.com/@avosastories?utm_source=unsample&utm_medium=referral&utm_campaign=api-credit",
    "photo_url": "https://unsplash.com/photos/4RA208Zh5Cg?utm_source=unsample&utm_medium=referral&utm_campaign=api-credit"
  },
  "dkZdhArCDPw": {
    "user_name": "Ham Kris",
    "user_url": "https://unsplash.com/@hamkris?utm_source=unsample&utm_medium=referral&utm_campaign=api-credit",
    "photo_url": "https://unsplash.com/photos/dkZdhArCDPw?utm_source=unsample&utm_medium=referral&utm_campaign=api-credit"
  },
  "grwX1XjgIIo": {
    "user_name": "Євгенія Височина",
    "user_url": "https://unsplash.com/@eugenivy_reserv?utm_source=unsample&utm_medium=referral&utm_campaign=api-credit",
    "photo_url": "https://unsplash.com/photos/grwX1XjgIIo?utm_source=unsample&utm_medium=referral&utm_campaign=api-credit"
  },
  "FKSWu8A9oTE": {
    "user_name": "Cozies Tone",
    "user_url": "https://unsplash.com/@coziestone?utm_source=unsample&utm_medium=referral&utm_campaign=api-credit",
    "photo_url": "https://unsplash.com/photos/FKSWu8A9oTE?utm_source=unsample&utm_medium=referral&utm_campaign=api-credit"
  }
}